"1","妙蛙種子","フシギダネ","Bulbasaur","2018-11-20 00:00:00","2018-11-20 00:00:00"
"2","妙蛙草","フシギソウ","Ivysaur","2018-11-20 00:00:00","2018-11-20 00:00:00"
"3","妙蛙花","フシギバナ","Venusaur","2018-11-20 00:00:00","2018-11-20 00:00:00"
"4","小火龍","ヒトカゲ","Charmander","2018-11-20 00:00:00","2018-11-20 00:00:00"
"5","火恐龍","リザード","Charmeleon","2018-11-20 00:00:00","2018-11-20 00:00:00"
"6","噴火龍","リザードン","Charizard","2018-11-20 00:00:00","2018-11-20 00:00:00"
"7","傑尼龜","ゼニガメ","Squirtle","2018-11-20 00:00:00","2018-11-20 00:00:00"
"8","卡咪龜","カメール","Wartortle","2018-11-20 00:00:00","2018-11-20 00:00:00"
"9","水箭龜","カメックス","Blastoise","2018-11-20 00:00:00","2018-11-20 00:00:00"
"10","綠毛蟲","キャタピー","Caterpie","2018-11-20 00:00:00","2018-11-20 00:00:00"
"11","鐵甲蛹","トランセル","Metapod","2018-11-20 00:00:00","2018-11-20 00:00:00"
"12","巴大蝶","バタフリー","Butterfree","2018-11-20 00:00:00","2018-11-20 00:00:00"
"13","獨角蟲","ビードル","Weedle","2018-11-20 00:00:00","2018-11-20 00:00:00"
"14","鐵殼蛹","コクーン","Kakuna","2018-11-20 00:00:00","2018-11-20 00:00:00"
"15","大針蜂","スピアー","Beedrill","2018-11-20 00:00:00","2018-11-20 00:00:00"
"16","波波","ポッポ","Pidgey","2018-11-20 00:00:00","2018-11-20 00:00:00"
"17","比比鳥","ピジョン","Pidgeotto","2018-11-20 00:00:00","2018-11-20 00:00:00"
"18","大比鳥","ピジョット","Pidgeot","2018-11-20 00:00:00","2018-11-20 00:00:00"
"19","小拉達","コラッタ","Rattata","2018-11-20 00:00:00","2018-11-20 00:00:00"
"20","拉達","ラッタ","Raticate","2018-11-20 00:00:00","2018-11-20 00:00:00"
"21","烈雀","オニスズメ","Spearow","2018-11-20 00:00:00","2018-11-20 00:00:00"
"22","大嘴雀","オニドリル","Fearow","2018-11-20 00:00:00","2018-11-20 00:00:00"
"23","阿柏蛇","アーボ","Ekans","2018-11-20 00:00:00","2018-11-20 00:00:00"
"24","阿柏怪","アーボック","Arbok","2018-11-20 00:00:00","2018-11-20 00:00:00"
"25","皮卡丘","ピカチュウ","Pikachu","2018-11-20 00:00:00","2018-11-20 00:00:00"
"26","雷丘","ライチュウ","Raichu","2018-11-20 00:00:00","2018-11-20 00:00:00"
"27","穿山鼠","サンド","Sandshrew","2018-11-20 00:00:00","2018-11-20 00:00:00"
"28","穿山王","サンドパン","Sandslash","2018-11-20 00:00:00","2018-11-20 00:00:00"
"29","尼多蘭","ニドラン♀","Nidoran-F","2018-11-20 00:00:00","2018-11-20 00:00:00"
"30","尼多娜","ニドリーナ","Nidorina","2018-11-20 00:00:00","2018-11-20 00:00:00"
"31","尼多後","ニドクイン","Nidoqueen","2018-11-20 00:00:00","2018-11-20 00:00:00"
"32","尼多朗","ニドラン♂","Nidoran-M","2018-11-20 00:00:00","2018-11-20 00:00:00"
"33","尼多力諾","ニドリーノ","Nidorino","2018-11-20 00:00:00","2018-11-20 00:00:00"
"34","尼多王","ニドキング","Nidoking","2018-11-20 00:00:00","2018-11-20 00:00:00"
"35","皮皮","ピッピ","Clefairy","2018-11-20 00:00:00","2018-11-20 00:00:00"
"36","皮可西","ピクシー","Clefable","2018-11-20 00:00:00","2018-11-20 00:00:00"
"37","六尾","ロコン","Vulpix","2018-11-20 00:00:00","2018-11-20 00:00:00"
"38","九尾","キュウコン","Ninetales","2018-11-20 00:00:00","2018-11-20 00:00:00"
"39","胖丁","プリン","Jigglypuff","2018-11-20 00:00:00","2018-11-20 00:00:00"
"40","胖可丁","プクリン","Wigglytuff","2018-11-20 00:00:00","2018-11-20 00:00:00"
"41","超音蝠","ズバット","Zubat","2018-11-20 00:00:00","2018-11-20 00:00:00"
"42","大嘴蝠","ゴルバット","Golbat","2018-11-20 00:00:00","2018-11-20 00:00:00"
"43","走路草","ナゾノクサ","Oddish","2018-11-20 00:00:00","2018-11-20 00:00:00"
"44","臭臭花","クサイハナ","Gloom","2018-11-20 00:00:00","2018-11-20 00:00:00"
"45","霸王花","ラフレシア","Vileplume","2018-11-20 00:00:00","2018-11-20 00:00:00"
"46","派拉斯","パラス","Paras","2018-11-20 00:00:00","2018-11-20 00:00:00"
"47","派拉斯特","パラセクト","Parasect","2018-11-20 00:00:00","2018-11-20 00:00:00"
"48","毛球","コンパン","Venonat","2018-11-20 00:00:00","2018-11-20 00:00:00"
"49","摩魯蛾","モルフォン","Venomoth","2018-11-20 00:00:00","2018-11-20 00:00:00"
"50","地鼠","ディグダ","Diglett","2018-11-20 00:00:00","2018-11-20 00:00:00"
"51","三地鼠","ダグトリオ","Dugtrio","2018-11-20 00:00:00","2018-11-20 00:00:00"
"52","喵喵","ニャース","Meowth","2018-11-20 00:00:00","2018-11-20 00:00:00"
"53","貓老大","ペルシアン","Persian","2018-11-20 00:00:00","2018-11-20 00:00:00"
"54","可達鴨","コダック","Psyduck","2018-11-20 00:00:00","2018-11-20 00:00:00"
"55","哥達鴨","ゴルダック","Golduck","2018-11-20 00:00:00","2018-11-20 00:00:00"
"56","猴怪","マンキー","Mankey","2018-11-20 00:00:00","2018-11-20 00:00:00"
"57","火暴猴","オコリザル","Primeape","2018-11-20 00:00:00","2018-11-20 00:00:00"
"58","卡蒂狗","ガーディ","Growlithe","2018-11-20 00:00:00","2018-11-20 00:00:00"
"59","風速狗","ウインディ","Arcanine","2018-11-20 00:00:00","2018-11-20 00:00:00"
"60","蚊香蝌蚪","ニョロモ","Poliwag","2018-11-20 00:00:00","2018-11-20 00:00:00"
"61","蚊香君","ニョロゾ","Poliwhirl","2018-11-20 00:00:00","2018-11-20 00:00:00"
"62","蚊香泳士","ニョロボン","Poliwrath","2018-11-20 00:00:00","2018-11-20 00:00:00"
"63","凱西","ケーシィ","Abra","2018-11-20 00:00:00","2018-11-20 00:00:00"
"64","勇基拉","ユンゲラー","Kadabra","2018-11-20 00:00:00","2018-11-20 00:00:00"
"65","胡地","フーディン","Alakazam","2018-11-20 00:00:00","2018-11-20 00:00:00"
"66","腕力","ワンリキー","Machop","2018-11-20 00:00:00","2018-11-20 00:00:00"
"67","豪力","ゴーリキー","Machoke","2018-11-20 00:00:00","2018-11-20 00:00:00"
"68","怪力","カイリキー","Machamp","2018-11-20 00:00:00","2018-11-20 00:00:00"
"69","喇叭芽","マダツボミ","Bellsprout","2018-11-20 00:00:00","2018-11-20 00:00:00"
"70","口呆花","ウツドン","Weepinbell","2018-11-20 00:00:00","2018-11-20 00:00:00"
"71","大食花","ウツボット","Victreebel","2018-11-20 00:00:00","2018-11-20 00:00:00"
"72","瑪瑙水母","メノクラゲ","Tentacool","2018-11-20 00:00:00","2018-11-20 00:00:00"
"73","毒刺水母","ドククラゲ","Tentacruel","2018-11-20 00:00:00","2018-11-20 00:00:00"
"74","小拳石","イシツブテ","Geodude","2018-11-20 00:00:00","2018-11-20 00:00:00"
"75","隆隆石","ゴローン","Graveler","2018-11-20 00:00:00","2018-11-20 00:00:00"
"76","隆隆岩","ゴローニャ","Golem","2018-11-20 00:00:00","2018-11-20 00:00:00"
"77","小火馬","ポニータ","Ponyta","2018-11-20 00:00:00","2018-11-20 00:00:00"
"78","烈焰馬","ギャロップ","Rapidash","2018-11-20 00:00:00","2018-11-20 00:00:00"
"79","呆呆獸","ヤドン","Slowpoke","2018-11-20 00:00:00","2018-11-20 00:00:00"
"80","呆殼獸","ヤドラン","Slowbro","2018-11-20 00:00:00","2018-11-20 00:00:00"
"81","小磁怪","コイル","Magnemite","2018-11-20 00:00:00","2018-11-20 00:00:00"
"82","三合一磁怪","レアコイル","Magneton","2018-11-20 00:00:00","2018-11-20 00:00:00"
"83","大蔥鴨","カモネギ","Farfetchd","2018-11-20 00:00:00","2018-11-20 00:00:00"
"84","嘟嘟","ドードー","Doduo","2018-11-20 00:00:00","2018-11-20 00:00:00"
"85","嘟嘟利","ドードリオ","Dodrio","2018-11-20 00:00:00","2018-11-20 00:00:00"
"86","小海獅","パウワウ","Seel","2018-11-20 00:00:00","2018-11-20 00:00:00"
"87","白海獅","ジュゴン","Dewgong","2018-11-20 00:00:00","2018-11-20 00:00:00"
"88","臭泥","ベトベター","Grimer","2018-11-20 00:00:00","2018-11-20 00:00:00"
"89","臭臭泥","ベトベトン","Muk","2018-11-20 00:00:00","2018-11-20 00:00:00"
"90","大舌貝","シェルダー","Shellder","2018-11-20 00:00:00","2018-11-20 00:00:00"
"91","刺甲貝","パルシェン","Cloyster","2018-11-20 00:00:00","2018-11-20 00:00:00"
"92","鬼斯","ゴース","Gastly","2018-11-20 00:00:00","2018-11-20 00:00:00"
"93","鬼斯通","ゴースト","Haunter","2018-11-20 00:00:00","2018-11-20 00:00:00"
"94","耿鬼","ゲンガー","Gengar","2018-11-20 00:00:00","2018-11-20 00:00:00"
"95","大岩蛇","イワーク","Onix","2018-11-20 00:00:00","2018-11-20 00:00:00"
"96","催眠貘","スリープ","Drowzee","2018-11-20 00:00:00","2018-11-20 00:00:00"
"97","引夢貘人","スリーパー","Hypno","2018-11-20 00:00:00","2018-11-20 00:00:00"
"98","大鉗蟹","クラブ","Krabby","2018-11-20 00:00:00","2018-11-20 00:00:00"
"99","巨鉗蟹","キングラー","Kingler","2018-11-20 00:00:00","2018-11-20 00:00:00"
"100","霹靂電球","ビリリダマ","Voltorb","2018-11-20 00:00:00","2018-11-20 00:00:00"
"101","頑皮雷彈","マルマイン","Electrode","2018-11-20 00:00:00","2018-11-20 00:00:00"
"102","蛋蛋","タマタマ","Exeggcute","2018-11-20 00:00:00","2018-11-20 00:00:00"
"103","椰蛋樹","ナッシー","Exeggutor","2018-11-20 00:00:00","2018-11-20 00:00:00"
"104","卡拉卡拉","カラカラ","Cubone","2018-11-20 00:00:00","2018-11-20 00:00:00"
"105","嘎啦嘎啦","ガラガラ","Marowak","2018-11-20 00:00:00","2018-11-20 00:00:00"
"106","飛腿郎","サワムラー","Hitmonlee","2018-11-20 00:00:00","2018-11-20 00:00:00"
"107","快拳郎","エビワラー","Hitmonchan","2018-11-20 00:00:00","2018-11-20 00:00:00"
"108","大舌頭","ベロリンガ","Lickitung","2018-11-20 00:00:00","2018-11-20 00:00:00"
"109","瓦斯彈","ドガース","Koffing","2018-11-20 00:00:00","2018-11-20 00:00:00"
"110","雙彈瓦斯","マタドガス","Weezing","2018-11-20 00:00:00","2018-11-20 00:00:00"
"111","獨角犀牛","サイホーン","Rhyhorn","2018-11-20 00:00:00","2018-11-20 00:00:00"
"112","鑽角犀獸","サイドン","Rhydon","2018-11-20 00:00:00","2018-11-20 00:00:00"
"113","吉利蛋","ラッキー","Chansey","2018-11-20 00:00:00","2018-11-20 00:00:00"
"114","蔓藤怪","モンジャラ","Tangela","2018-11-20 00:00:00","2018-11-20 00:00:00"
"115","袋獸","ガルーラ","Kangaskhan","2018-11-20 00:00:00","2018-11-20 00:00:00"
"116","墨海馬","タッツー","Horsea","2018-11-20 00:00:00","2018-11-20 00:00:00"
"117","海刺龍","シードラ","Seadra","2018-11-20 00:00:00","2018-11-20 00:00:00"
"118","角金魚","トサキント","Goldeen","2018-11-20 00:00:00","2018-11-20 00:00:00"
"119","金魚王","アズマオウ","Seaking","2018-11-20 00:00:00","2018-11-20 00:00:00"
"120","海星星","ヒトデマン","Staryu","2018-11-20 00:00:00","2018-11-20 00:00:00"
"121","寶石海星","スターミー","Starmie","2018-11-20 00:00:00","2018-11-20 00:00:00"
"122","魔牆人偶","バリヤード","Mr-Mime","2018-11-20 00:00:00","2018-11-20 00:00:00"
"123","飛天螳螂","ストライク","Scyther","2018-11-20 00:00:00","2018-11-20 00:00:00"
"124","迷唇姐","ルージュラ","Jynx","2018-11-20 00:00:00","2018-11-20 00:00:00"
"125","電擊獸","エレブー","Electabuzz","2018-11-20 00:00:00","2018-11-20 00:00:00"
"126","鴨嘴火獸","ブーバー","Magmar","2018-11-20 00:00:00","2018-11-20 00:00:00"
"127","凱羅斯","カイロス","Pinsir","2018-11-20 00:00:00","2018-11-20 00:00:00"
"128","肯泰羅","ケンタロス","Tauros","2018-11-20 00:00:00","2018-11-20 00:00:00"
"129","鯉魚王","コイキング","Magikarp","2018-11-20 00:00:00","2018-11-20 00:00:00"
"130","暴鯉龍","ギャラドス","Gyarados","2018-11-20 00:00:00","2018-11-20 00:00:00"
"131","拉普拉斯","ラプラス","Lapras","2018-11-20 00:00:00","2018-11-20 00:00:00"
"132","百變怪","メタモン","Ditto","2018-11-20 00:00:00","2018-11-20 00:00:00"
"133","伊布","イーブイ","Eevee","2018-11-20 00:00:00","2018-11-20 00:00:00"
"134","水伊布","シャワーズ","Vaporeon","2018-11-20 00:00:00","2018-11-20 00:00:00"
"135","雷伊布","サンダース","Jolteon","2018-11-20 00:00:00","2018-11-20 00:00:00"
"136","火伊布","ブースター","Flareon","2018-11-20 00:00:00","2018-11-20 00:00:00"
"137","多邊獸","ポリゴン","Porygon","2018-11-20 00:00:00","2018-11-20 00:00:00"
"138","菊石獸","オムナイト","Omanyte","2018-11-20 00:00:00","2018-11-20 00:00:00"
"139","多刺菊石獸","オムスター","Omastar","2018-11-20 00:00:00","2018-11-20 00:00:00"
"140","化石盔","カブト","Kabuto","2018-11-20 00:00:00","2018-11-20 00:00:00"
"141","鐮刀盔","カブトプス","Kabutops","2018-11-20 00:00:00","2018-11-20 00:00:00"
"142","化石翼龍","プテラ","Aerodactyl","2018-11-20 00:00:00","2018-11-20 00:00:00"
"143","卡比獸","カビゴン","Snorlax","2018-11-20 00:00:00","2018-11-20 00:00:00"
"144","急凍鳥","フリーザー","Articuno","2018-11-20 00:00:00","2018-11-20 00:00:00"
"145","閃電鳥","サンダー","Zapdos","2018-11-20 00:00:00","2018-11-20 00:00:00"
"146","火焰鳥","ファイヤー","Moltres","2018-11-20 00:00:00","2018-11-20 00:00:00"
"147","迷你龍","ミニリュウ","Dratini","2018-11-20 00:00:00","2018-11-20 00:00:00"
"148","哈克龍","ハクリュー","Dragonair","2018-11-20 00:00:00","2018-11-20 00:00:00"
"149","快龍","カイリュー","Dragonite","2018-11-20 00:00:00","2018-11-20 00:00:00"
"150","超夢","ミュウツー","Mewtwo","2018-11-20 00:00:00","2018-11-20 00:00:00"
"151","夢幻","ミュウ","Mew","2018-11-20 00:00:00","2018-11-20 00:00:00"
"152","菊草葉","チコリータ","Chikorita","2018-11-20 00:00:00","2018-11-20 00:00:00"
"153","月桂葉","ベイリーフ","Bayleef","2018-11-20 00:00:00","2018-11-20 00:00:00"
"154","大竺葵","メガニウム","Meganium","2018-11-20 00:00:00","2018-11-20 00:00:00"
"155","火球鼠","ヒノアラシ","Cyndaquil","2018-11-20 00:00:00","2018-11-20 00:00:00"
"156","火岩鼠","マグマラシ","Quilava","2018-11-20 00:00:00","2018-11-20 00:00:00"
"157","火暴獸","バクフーン","Typhlosion","2018-11-20 00:00:00","2018-11-20 00:00:00"
"158","小鋸鱷","ワニノコ","Totodile","2018-11-20 00:00:00","2018-11-20 00:00:00"
"159","藍鱷","アリゲイツ","Croconaw","2018-11-20 00:00:00","2018-11-20 00:00:00"
"160","大力鱷","オーダイル","Feraligatr","2018-11-20 00:00:00","2018-11-20 00:00:00"
"161","尾立","オタチ","Sentret","2018-11-20 00:00:00","2018-11-20 00:00:00"
"162","大尾立","オオタチ","Furret","2018-11-20 00:00:00","2018-11-20 00:00:00"
"163","咕咕","ホーホー","Hoothoot","2018-11-20 00:00:00","2018-11-20 00:00:00"
"164","貓頭夜鷹","ヨルノズク","Noctowl","2018-11-20 00:00:00","2018-11-20 00:00:00"
"165","芭瓢蟲","レディバ","Ledyba","2018-11-20 00:00:00","2018-11-20 00:00:00"
"166","安瓢蟲","レディアン","Ledian","2018-11-20 00:00:00","2018-11-20 00:00:00"
"167","圓絲蛛","イトマル","Spinarak","2018-11-20 00:00:00","2018-11-20 00:00:00"
"168","阿利多斯","アリアドス","Ariados","2018-11-20 00:00:00","2018-11-20 00:00:00"
"169","叉字蝠","クロバット","Crobat","2018-11-20 00:00:00","2018-11-20 00:00:00"
"170","燈籠魚","チョンチー","Chinchou","2018-11-20 00:00:00","2018-11-20 00:00:00"
"171","電燈怪","ランターン","Lanturn","2018-11-20 00:00:00","2018-11-20 00:00:00"
"172","皮丘","ピチュー","Pichu","2018-11-20 00:00:00","2018-11-20 00:00:00"
"173","皮寶寶","ピィ","Cleffa","2018-11-20 00:00:00","2018-11-20 00:00:00"
"174","寶寶丁","ププリン","Igglybuff","2018-11-20 00:00:00","2018-11-20 00:00:00"
"175","波克比","トゲピー","Togepi","2018-11-20 00:00:00","2018-11-20 00:00:00"
"176","波克基古","トゲチック","Togetic","2018-11-20 00:00:00","2018-11-20 00:00:00"
"177","天然雀","ネイティ","Natu","2018-11-20 00:00:00","2018-11-20 00:00:00"
"178","天然鳥","ネイティオ","Xatu","2018-11-20 00:00:00","2018-11-20 00:00:00"
"179","咩利羊","メリープ","Mareep","2018-11-20 00:00:00","2018-11-20 00:00:00"
"180","茸茸羊","モココ","Flaaffy","2018-11-20 00:00:00","2018-11-20 00:00:00"
"181","電龍","デンリュウ","Ampharos","2018-11-20 00:00:00","2018-11-20 00:00:00"
"182","美麗花","キレイハナ","Bellossom","2018-11-20 00:00:00","2018-11-20 00:00:00"
"183","瑪力露","マリル","Marill","2018-11-20 00:00:00","2018-11-20 00:00:00"
"184","瑪力露麗","マリルリ","Azumarill","2018-11-20 00:00:00","2018-11-20 00:00:00"
"185","樹才怪","ウソッキー","Sudowoodo","2018-11-20 00:00:00","2018-11-20 00:00:00"
"186","蚊香蛙皇","ニョロトノ","Politoed","2018-11-20 00:00:00","2018-11-20 00:00:00"
"187","毽子草","ハネッコ","Hoppip","2018-11-20 00:00:00","2018-11-20 00:00:00"
"188","毽子花","ポポッコ","Skiploom","2018-11-20 00:00:00","2018-11-20 00:00:00"
"189","毽子棉","ワタッコ","Jumpluff","2018-11-20 00:00:00","2018-11-20 00:00:00"
"190","長尾怪手","エイパム","Aipom","2018-11-20 00:00:00","2018-11-20 00:00:00"
"191","向日種子","ヒマナッツ","Sunkern","2018-11-20 00:00:00","2018-11-20 00:00:00"
"192","向日花怪","キマワリ","Sunflora","2018-11-20 00:00:00","2018-11-20 00:00:00"
"193","蜻蜻蜓","ヤンヤンマ","Yanma","2018-11-20 00:00:00","2018-11-20 00:00:00"
"194","烏波","ウパー","Wooper","2018-11-20 00:00:00","2018-11-20 00:00:00"
"195","沼王","ヌオー","Quagsire","2018-11-20 00:00:00","2018-11-20 00:00:00"
"196","太陽伊布","エーフィ","Espeon","2018-11-20 00:00:00","2018-11-20 00:00:00"
"197","月亮伊布","ブラッキー","Umbreon","2018-11-20 00:00:00","2018-11-20 00:00:00"
"198","黑暗鴉","ヤミカラス","Murkrow","2018-11-20 00:00:00","2018-11-20 00:00:00"
"199","呆呆王","ヤドキング","Slowking","2018-11-20 00:00:00","2018-11-20 00:00:00"
"200","夢妖","ムウマ","Misdreavus","2018-11-20 00:00:00","2018-11-20 00:00:00"
"201","未知圖騰","アンノーン","Unown","2018-11-20 00:00:00","2018-11-20 00:00:00"
"202","果然翁","ソーナンス","Wobbuffet","2018-11-20 00:00:00","2018-11-20 00:00:00"
"203","麒麟奇","キリンリキ","Girafarig","2018-11-20 00:00:00","2018-11-20 00:00:00"
"204","榛果球","クヌギダマ","Pineco","2018-11-20 00:00:00","2018-11-20 00:00:00"
"205","佛烈托斯","フォレトス","Forretress","2018-11-20 00:00:00","2018-11-20 00:00:00"
"206","土龍弟弟","ノコッチ","Dunsparce","2018-11-20 00:00:00","2018-11-20 00:00:00"
"207","天蠍","グライガー","Gligar","2018-11-20 00:00:00","2018-11-20 00:00:00"
"208","大鋼蛇","ハガネール","Steelix","2018-11-20 00:00:00","2018-11-20 00:00:00"
"209","布魯","ブルー","Snubbull","2018-11-20 00:00:00","2018-11-20 00:00:00"
"210","布魯皇","グランブル","Granbull","2018-11-20 00:00:00","2018-11-20 00:00:00"
"211","千針魚","ハリーセン","Qwilfish","2018-11-20 00:00:00","2018-11-20 00:00:00"
"212","巨鉗螳螂","ハッサム","Scizor","2018-11-20 00:00:00","2018-11-20 00:00:00"
"213","壺壺","ツボツボ","Shuckle","2018-11-20 00:00:00","2018-11-20 00:00:00"
"214","赫拉克羅斯","ヘラクロス","Heracross","2018-11-20 00:00:00","2018-11-20 00:00:00"
"215","狃拉","ニューラ","Sneasel","2018-11-20 00:00:00","2018-11-20 00:00:00"
"216","熊寶寶","ヒメグマ","Teddiursa","2018-11-20 00:00:00","2018-11-20 00:00:00"
"217","圈圈熊","リングマ","Ursaring","2018-11-20 00:00:00","2018-11-20 00:00:00"
"218","熔岩蟲","マグマッグ","Slugma","2018-11-20 00:00:00","2018-11-20 00:00:00"
"219","熔岩蝸牛","マグカルゴ","Magcargo","2018-11-20 00:00:00","2018-11-20 00:00:00"
"220","小山豬","ウリムー","Swinub","2018-11-20 00:00:00","2018-11-20 00:00:00"
"221","長毛豬","イノムー","Piloswine","2018-11-20 00:00:00","2018-11-20 00:00:00"
"222","太陽珊瑚","サニーゴ","Corsola","2018-11-20 00:00:00","2018-11-20 00:00:00"
"223","鐵炮魚","テッポウオ","Remoraid","2018-11-20 00:00:00","2018-11-20 00:00:00"
"224","章魚桶","オクタン","Octillery","2018-11-20 00:00:00","2018-11-20 00:00:00"
"225","信使鳥","デリバード","Delibird","2018-11-20 00:00:00","2018-11-20 00:00:00"
"226","巨翅飛魚","マンタイン","Mantine","2018-11-20 00:00:00","2018-11-20 00:00:00"
"227","盔甲鳥","エアームド","Skarmory","2018-11-20 00:00:00","2018-11-20 00:00:00"
"228","戴魯比","デルビル","Houndour","2018-11-20 00:00:00","2018-11-20 00:00:00"
"229","黑魯加","ヘルガー","Houndoom","2018-11-20 00:00:00","2018-11-20 00:00:00"
"230","刺龍王","キングドラ","Kingdra","2018-11-20 00:00:00","2018-11-20 00:00:00"
"231","小小象","ゴマゾウ","Phanpy","2018-11-20 00:00:00","2018-11-20 00:00:00"
"232","頓甲","ドンファン","Donphan","2018-11-20 00:00:00","2018-11-20 00:00:00"
"233","多邊獸Ⅱ","ポリゴン２","Porygon2","2018-11-20 00:00:00","2018-11-20 00:00:00"
"234","驚角鹿","オドシシ","Stantler","2018-11-20 00:00:00","2018-11-20 00:00:00"
"235","圖圖犬","ドーブル","Smeargle","2018-11-20 00:00:00","2018-11-20 00:00:00"
"236","無畏小子","バルキー","Tyrogue","2018-11-20 00:00:00","2018-11-20 00:00:00"
"237","戰舞郎","カポエラー","Hitmontop","2018-11-20 00:00:00","2018-11-20 00:00:00"
"238","迷唇娃","ムチュール","Smoochum","2018-11-20 00:00:00","2018-11-20 00:00:00"
"239","電擊怪","エレキッド","Elekid","2018-11-20 00:00:00","2018-11-20 00:00:00"
"240","鴨嘴寶寶","ブビィ","Magby","2018-11-20 00:00:00","2018-11-20 00:00:00"
"241","大奶罐","ミルタンク","Miltank","2018-11-20 00:00:00","2018-11-20 00:00:00"
"242","幸福蛋","ハピナス","Blissey","2018-11-20 00:00:00","2018-11-20 00:00:00"
"243","雷公","ライコウ","Raikou","2018-11-20 00:00:00","2018-11-20 00:00:00"
"244","炎帝","エンテイ","Entei","2018-11-20 00:00:00","2018-11-20 00:00:00"
"245","水君","スイクン","Suicune","2018-11-20 00:00:00","2018-11-20 00:00:00"
"246","幼基拉斯","ヨーギラス","Larvitar","2018-11-20 00:00:00","2018-11-20 00:00:00"
"247","沙基拉斯","サナギラス","Pupitar","2018-11-20 00:00:00","2018-11-20 00:00:00"
"248","班基拉斯","バンギラス","Tyranitar","2018-11-20 00:00:00","2018-11-20 00:00:00"
"249","洛奇亞","ルギア","Lugia","2018-11-20 00:00:00","2018-11-20 00:00:00"
"250","鳳王","ホウオウ","Ho-Oh","2018-11-20 00:00:00","2018-11-20 00:00:00"
"251","時拉比","セレビィ","Celebi","2018-11-20 00:00:00","2018-11-20 00:00:00"
"252","木守宮","キモリ","Treecko","2018-11-20 00:00:00","2018-11-20 00:00:00"
"253","森林蜥蜴","ジュプトル","Grovyle","2018-11-20 00:00:00","2018-11-20 00:00:00"
"254","蜥蜴王","ジュカイン","Sceptile","2018-11-20 00:00:00","2018-11-20 00:00:00"
"255","火稚雞","アチャモ","Torchic","2018-11-20 00:00:00","2018-11-20 00:00:00"
"256","力壯雞","ワカシャモ","Combusken","2018-11-20 00:00:00","2018-11-20 00:00:00"
"257","火焰雞","バシャーモ","Blaziken","2018-11-20 00:00:00","2018-11-20 00:00:00"
"258","水躍魚","ミズゴロウ","Mudkip","2018-11-20 00:00:00","2018-11-20 00:00:00"
"259","沼躍魚","ヌマクロー","Marshtomp","2018-11-20 00:00:00","2018-11-20 00:00:00"
"260","巨沼怪","ラグラージ","Swampert","2018-11-20 00:00:00","2018-11-20 00:00:00"
"261","土狼犬","ポチエナ","Poochyena","2018-11-20 00:00:00","2018-11-20 00:00:00"
"262","大狼犬","グラエナ","Mightyena","2018-11-20 00:00:00","2018-11-20 00:00:00"
"263","蛇紋熊","ジグザグマ","Zigzagoon","2018-11-20 00:00:00","2018-11-20 00:00:00"
"264","直衝熊","マッスグマ","Linoone","2018-11-20 00:00:00","2018-11-20 00:00:00"
"265","刺尾蟲","ケムッソ","Wurmple","2018-11-20 00:00:00","2018-11-20 00:00:00"
"266","甲殼繭","カラサリス","Silcoon","2018-11-20 00:00:00","2018-11-20 00:00:00"
"267","狩獵鳳蝶","アゲハント","Beautifly","2018-11-20 00:00:00","2018-11-20 00:00:00"
"268","盾甲繭","マユルド","Cascoon","2018-11-20 00:00:00","2018-11-20 00:00:00"
"269","毒粉蛾","ドクケイル","Dustox","2018-11-20 00:00:00","2018-11-20 00:00:00"
"270","蓮葉童子","ハスボー","Lotad","2018-11-20 00:00:00","2018-11-20 00:00:00"
"271","蓮帽小童","ハスブレロ","Lombre","2018-11-20 00:00:00","2018-11-20 00:00:00"
"272","樂天河童","ルンパッパ","Ludicolo","2018-11-20 00:00:00","2018-11-20 00:00:00"
"273","橡實果","タネボー","Seedot","2018-11-20 00:00:00","2018-11-20 00:00:00"
"274","長鼻葉","コノハナ","Nuzleaf","2018-11-20 00:00:00","2018-11-20 00:00:00"
"275","狡猾天狗","ダーテング","Shiftry","2018-11-20 00:00:00","2018-11-20 00:00:00"
"276","傲骨燕","スバメ","Taillow","2018-11-20 00:00:00","2018-11-20 00:00:00"
"277","大王燕","オオスバメ","Swellow","2018-11-20 00:00:00","2018-11-20 00:00:00"
"278","長翅鷗","キャモメ","Wingull","2018-11-20 00:00:00","2018-11-20 00:00:00"
"279","大嘴鷗","ペリッパー","Pelipper","2018-11-20 00:00:00","2018-11-20 00:00:00"
"280","拉魯拉絲","ラルトス","Ralts","2018-11-20 00:00:00","2018-11-20 00:00:00"
"281","奇魯莉安","キルリア","Kirlia","2018-11-20 00:00:00","2018-11-20 00:00:00"
"282","沙奈朵","サーナイト","Gardevoir","2018-11-20 00:00:00","2018-11-20 00:00:00"
"283","溜溜糖球","アメタマ","Surskit","2018-11-20 00:00:00","2018-11-20 00:00:00"
"284","雨翅蛾","アメモース","Masquerain","2018-11-20 00:00:00","2018-11-20 00:00:00"
"285","蘑蘑菇","キノココ","Shroomish","2018-11-20 00:00:00","2018-11-20 00:00:00"
"286","斗笠菇","キノガッサ","Breloom","2018-11-20 00:00:00","2018-11-20 00:00:00"
"287","懶人獺","ナマケロ","Slakoth","2018-11-20 00:00:00","2018-11-20 00:00:00"
"288","過動猿","ヤルキモノ","Vigoroth","2018-11-20 00:00:00","2018-11-20 00:00:00"
"289","請假王","ケッキング","Slaking","2018-11-20 00:00:00","2018-11-20 00:00:00"
"290","土居忍士","ツチニン","Nincada","2018-11-20 00:00:00","2018-11-20 00:00:00"
"291","鐵面忍者","テッカニン","Ninjask","2018-11-20 00:00:00","2018-11-20 00:00:00"
"292","脫殼忍者","ヌケニン","Shedinja","2018-11-20 00:00:00","2018-11-20 00:00:00"
"293","咕妞妞","ゴニョニョ","Whismur","2018-11-20 00:00:00","2018-11-20 00:00:00"
"294","吼爆彈","ドゴーム","Loudred","2018-11-20 00:00:00","2018-11-20 00:00:00"
"295","爆音怪","バクオング","Exploud","2018-11-20 00:00:00","2018-11-20 00:00:00"
"296","幕下力士","マクノシタ","Makuhita","2018-11-20 00:00:00","2018-11-20 00:00:00"
"297","鐵掌力士","ハリテヤマ","Hariyama","2018-11-20 00:00:00","2018-11-20 00:00:00"
"298","露力麗","ルリリ","Azurill","2018-11-20 00:00:00","2018-11-20 00:00:00"
"299","朝北鼻","ノズパス","Nosepass","2018-11-20 00:00:00","2018-11-20 00:00:00"
"300","向尾喵","エネコ","Skitty","2018-11-20 00:00:00","2018-11-20 00:00:00"
"301","優雅貓","エネコロロ","Delcatty","2018-11-20 00:00:00","2018-11-20 00:00:00"
"302","勾魂眼","ヤミラミ","Sableye","2018-11-20 00:00:00","2018-11-20 00:00:00"
"303","大嘴娃","クチート","Mawile","2018-11-20 00:00:00","2018-11-20 00:00:00"
"304","可可多拉","ココドラ","Aron","2018-11-20 00:00:00","2018-11-20 00:00:00"
"305","可多拉","コドラ","Lairon","2018-11-20 00:00:00","2018-11-20 00:00:00"
"306","波士可多拉","ボスゴドラ","Aggron","2018-11-20 00:00:00","2018-11-20 00:00:00"
"307","瑪沙那","アサナン","Meditite","2018-11-20 00:00:00","2018-11-20 00:00:00"
"308","恰雷姆","チャーレム","Medicham","2018-11-20 00:00:00","2018-11-20 00:00:00"
"309","落雷獸","ラクライ","Electrike","2018-11-20 00:00:00","2018-11-20 00:00:00"
"310","雷電獸","ライボルト","Manectric","2018-11-20 00:00:00","2018-11-20 00:00:00"
"311","正電拍拍","プラスル","Plusle","2018-11-20 00:00:00","2018-11-20 00:00:00"
"312","負電拍拍","マイナン","Minun","2018-11-20 00:00:00","2018-11-20 00:00:00"
"313","電螢蟲","バルビート","Volbeat","2018-11-20 00:00:00","2018-11-20 00:00:00"
"314","甜甜螢","イルミーゼ","Illumise","2018-11-20 00:00:00","2018-11-20 00:00:00"
"315","毒薔薇","ロゼリア","Roselia","2018-11-20 00:00:00","2018-11-20 00:00:00"
"316","溶食獸","ゴクリン","Gulpin","2018-11-20 00:00:00","2018-11-20 00:00:00"
"317","吞食獸","マルノーム","Swalot","2018-11-20 00:00:00","2018-11-20 00:00:00"
"318","利牙魚","キバニア","Carvanha","2018-11-20 00:00:00","2018-11-20 00:00:00"
"319","巨牙鯊","サメハダー","Sharpedo","2018-11-20 00:00:00","2018-11-20 00:00:00"
"320","吼吼鯨","ホエルコ","Wailmer","2018-11-20 00:00:00","2018-11-20 00:00:00"
"321","吼鯨王","ホエルオー","Wailord","2018-11-20 00:00:00","2018-11-20 00:00:00"
"322","呆火駝","ドンメル","Numel","2018-11-20 00:00:00","2018-11-20 00:00:00"
"323","噴火駝","バクーダ","Camerupt","2018-11-20 00:00:00","2018-11-20 00:00:00"
"324","煤炭龜","コータス","Torkoal","2018-11-20 00:00:00","2018-11-20 00:00:00"
"325","跳跳豬","バネブー","Spoink","2018-11-20 00:00:00","2018-11-20 00:00:00"
"326","噗噗豬","ブーピッグ","Grumpig","2018-11-20 00:00:00","2018-11-20 00:00:00"
"327","晃晃斑","パッチール","Spinda","2018-11-20 00:00:00","2018-11-20 00:00:00"
"328","大顎蟻","ナックラー","Trapinch","2018-11-20 00:00:00","2018-11-20 00:00:00"
"329","超音波幼蟲","ビブラーバ","Vibrava","2018-11-20 00:00:00","2018-11-20 00:00:00"
"330","沙漠蜻蜓","フライゴン","Flygon","2018-11-20 00:00:00","2018-11-20 00:00:00"
"331","刺球仙人掌","サボネア","Cacnea","2018-11-20 00:00:00","2018-11-20 00:00:00"
"332","夢歌仙人掌","ノクタス","Cacturne","2018-11-20 00:00:00","2018-11-20 00:00:00"
"333","青綿鳥","チルット","Swablu","2018-11-20 00:00:00","2018-11-20 00:00:00"
"334","七夕青鳥","チルタリス","Altaria","2018-11-20 00:00:00","2018-11-20 00:00:00"
"335","貓鼬斬","ザングース","Zangoose","2018-11-20 00:00:00","2018-11-20 00:00:00"
"336","飯匙蛇","ハブネーク","Seviper","2018-11-20 00:00:00","2018-11-20 00:00:00"
"337","月石","ルナトーン","Lunatone","2018-11-20 00:00:00","2018-11-20 00:00:00"
"338","太陽岩","ソルロック","Solrock","2018-11-20 00:00:00","2018-11-20 00:00:00"
"339","泥泥鰍","ドジョッチ","Barboach","2018-11-20 00:00:00","2018-11-20 00:00:00"
"340","鯰魚王","ナマズン","Whiscash","2018-11-20 00:00:00","2018-11-20 00:00:00"
"341","龍蝦小兵","ヘイガニ","Corphish","2018-11-20 00:00:00","2018-11-20 00:00:00"
"342","鐵螯龍蝦","シザリガー","Crawdaunt","2018-11-20 00:00:00","2018-11-20 00:00:00"
"343","天秤偶","ヤジロン","Baltoy","2018-11-20 00:00:00","2018-11-20 00:00:00"
"344","念力土偶","ネンドール","Claydol","2018-11-20 00:00:00","2018-11-20 00:00:00"
"345","觸手百合","リリーラ","Lileep","2018-11-20 00:00:00","2018-11-20 00:00:00"
"346","搖籃百合","ユレイドル","Cradily","2018-11-20 00:00:00","2018-11-20 00:00:00"
"347","太古羽蟲","アノプス","Anorith","2018-11-20 00:00:00","2018-11-20 00:00:00"
"348","太古盔甲","アーマルド","Armaldo","2018-11-20 00:00:00","2018-11-20 00:00:00"
"349","醜醜魚","ヒンバス","Feebas","2018-11-20 00:00:00","2018-11-20 00:00:00"
"350","美納斯","ミロカロス","Milotic","2018-11-20 00:00:00","2018-11-20 00:00:00"
"351","飄浮泡泡","ポワルン","Castform","2018-11-20 00:00:00","2018-11-20 00:00:00"
"352","變隱龍","カクレオン","Kecleon","2018-11-20 00:00:00","2018-11-20 00:00:00"
"353","怨影娃娃","カゲボウズ","Shuppet","2018-11-20 00:00:00","2018-11-20 00:00:00"
"354","詛咒娃娃","ジュペッタ","Banette","2018-11-20 00:00:00","2018-11-20 00:00:00"
"355","夜巡靈","ヨマワル","Duskull","2018-11-20 00:00:00","2018-11-20 00:00:00"
"356","徬徨夜靈","サマヨール","Dusclops","2018-11-20 00:00:00","2018-11-20 00:00:00"
"357","熱帶龍","トロピウス","Tropius","2018-11-20 00:00:00","2018-11-20 00:00:00"
"358","風鈴鈴","チリーン","Chimecho","2018-11-20 00:00:00","2018-11-20 00:00:00"
"359","阿勃梭魯","アブソル","Absol","2018-11-20 00:00:00","2018-11-20 00:00:00"
"360","小果然","ソーナノ","Wynaut","2018-11-20 00:00:00","2018-11-20 00:00:00"
"361","雪童子","ユキワラシ","Snorunt","2018-11-20 00:00:00","2018-11-20 00:00:00"
"362","冰鬼護","オニゴーリ","Glalie","2018-11-20 00:00:00","2018-11-20 00:00:00"
"363","海豹球","タマザラシ","Spheal","2018-11-20 00:00:00","2018-11-20 00:00:00"
"364","海魔獅","トドグラー","Sealeo","2018-11-20 00:00:00","2018-11-20 00:00:00"
"365","帝牙海獅","トドゼルガ","Walrein","2018-11-20 00:00:00","2018-11-20 00:00:00"
"366","珍珠貝","パールル","Clamperl","2018-11-20 00:00:00","2018-11-20 00:00:00"
"367","獵斑魚","ハンテール","Huntail","2018-11-20 00:00:00","2018-11-20 00:00:00"
"368","櫻花魚","サクラビス","Gorebyss","2018-11-20 00:00:00","2018-11-20 00:00:00"
"369","古空棘魚","ジーランス","Relicanth","2018-11-20 00:00:00","2018-11-20 00:00:00"
"370","愛心魚","ラブカス","Luvdisc","2018-11-20 00:00:00","2018-11-20 00:00:00"
"371","寶貝龍","タツベイ","Bagon","2018-11-20 00:00:00","2018-11-20 00:00:00"
"372","甲殼龍","コモルー","Shelgon","2018-11-20 00:00:00","2018-11-20 00:00:00"
"373","暴飛龍","ボーマンダ","Salamence","2018-11-20 00:00:00","2018-11-20 00:00:00"
"374","鐵啞鈴","ダンバル","Beldum","2018-11-20 00:00:00","2018-11-20 00:00:00"
"375","金屬怪","メタング","Metang","2018-11-20 00:00:00","2018-11-20 00:00:00"
"376","巨金怪","メタグロス","Metagross","2018-11-20 00:00:00","2018-11-20 00:00:00"
"377","雷吉洛克","レジロック","Regirock","2018-11-20 00:00:00","2018-11-20 00:00:00"
"378","雷吉艾斯","レジアイス","Regice","2018-11-20 00:00:00","2018-11-20 00:00:00"
"379","雷吉斯奇魯","レジスチル","Registeel","2018-11-20 00:00:00","2018-11-20 00:00:00"
"380","拉帝亞斯","ラティアス","Latias","2018-11-20 00:00:00","2018-11-20 00:00:00"
"381","拉帝歐斯","ラティオス","Latios","2018-11-20 00:00:00","2018-11-20 00:00:00"
"382","蓋歐卡","カイオーガ","Kyogre","2018-11-20 00:00:00","2018-11-20 00:00:00"
"383","固拉多","グラードン","Groudon","2018-11-20 00:00:00","2018-11-20 00:00:00"
"384","烈空坐","レックウザ","Rayquaza","2018-11-20 00:00:00","2018-11-20 00:00:00"
"385","基拉祈","ジラーチ","Jirachi","2018-11-20 00:00:00","2018-11-20 00:00:00"
"386","代歐奇希斯","デオキシス","Deoxys","2018-11-20 00:00:00","2018-11-20 00:00:00"
"387","草苗龜","ナエトル","Turtwig","2018-11-20 00:00:00","2018-11-20 00:00:00"
"388","樹林龜","ハヤシガメ","Grotle","2018-11-20 00:00:00","2018-11-20 00:00:00"
"389","土台龜","ドダイトス","Torterra","2018-11-20 00:00:00","2018-11-20 00:00:00"
"390","小火焰猴","ヒコザル","Chimchar","2018-11-20 00:00:00","2018-11-20 00:00:00"
"391","猛火猴","モウカザル","Monferno","2018-11-20 00:00:00","2018-11-20 00:00:00"
"392","烈焰猴","ゴウカザル","Infernape","2018-11-20 00:00:00","2018-11-20 00:00:00"
"393","波加曼","ポッチャマ","Piplup","2018-11-20 00:00:00","2018-11-20 00:00:00"
"394","波皇子","ポッタイシ","Prinplup","2018-11-20 00:00:00","2018-11-20 00:00:00"
"395","帝王拿波","エンペルト","Empoleon","2018-11-20 00:00:00","2018-11-20 00:00:00"
"396","姆克兒","ムックル","Starly","2018-11-20 00:00:00","2018-11-20 00:00:00"
"397","姆克鳥","ムクバード","Staravia","2018-11-20 00:00:00","2018-11-20 00:00:00"
"398","姆克鷹","ムクホーク","Staraptor","2018-11-20 00:00:00","2018-11-20 00:00:00"
"399","大牙狸","ビッパ","Bidoof","2018-11-20 00:00:00","2018-11-20 00:00:00"
"400","大尾狸","ビーダル","Bibarel","2018-11-20 00:00:00","2018-11-20 00:00:00"
"401","圓法師","コロボーシ","Kricketot","2018-11-20 00:00:00","2018-11-20 00:00:00"
"402","音箱蟀","コロトック","Kricketune","2018-11-20 00:00:00","2018-11-20 00:00:00"
"403","小貓怪","コリンク","Shinx","2018-11-20 00:00:00","2018-11-20 00:00:00"
"404","勒克貓","ルクシオ","Luxio","2018-11-20 00:00:00","2018-11-20 00:00:00"
"405","倫琴貓","レントラー","Luxray","2018-11-20 00:00:00","2018-11-20 00:00:00"
"406","含羞苞","スボミー","Budew","2018-11-20 00:00:00","2018-11-20 00:00:00"
"407","羅絲雷朵","ロズレイド","Roserade","2018-11-20 00:00:00","2018-11-20 00:00:00"
"408","頭蓋龍","ズガイドス","Cranidos","2018-11-20 00:00:00","2018-11-20 00:00:00"
"409","戰槌龍","ラムパルド","Rampardos","2018-11-20 00:00:00","2018-11-20 00:00:00"
"410","盾甲龍","タテトプス","Shieldon","2018-11-20 00:00:00","2018-11-20 00:00:00"
"411","護城龍","トリデプス","Bastiodon","2018-11-20 00:00:00","2018-11-20 00:00:00"
"412","結草兒","ミノムッチ","Burmy","2018-11-20 00:00:00","2018-11-20 00:00:00"
"413","結草貴婦","ミノマダム","Wormadam","2018-11-20 00:00:00","2018-11-20 00:00:00"
"414","紳士蛾","ガーメイル","Mothim","2018-11-20 00:00:00","2018-11-20 00:00:00"
"415","三蜜蜂","ミツハニー","Combee","2018-11-20 00:00:00","2018-11-20 00:00:00"
"416","蜂女王","ビークイン","Vespiquen","2018-11-20 00:00:00","2018-11-20 00:00:00"
"417","帕奇利茲","パチリス","Pachirisu","2018-11-20 00:00:00","2018-11-20 00:00:00"
"418","泳圈鼬","ブイゼル","Buizel","2018-11-20 00:00:00","2018-11-20 00:00:00"
"419","浮潛鼬","フローゼル","Floatzel","2018-11-20 00:00:00","2018-11-20 00:00:00"
"420","櫻花寶","チェリンボ","Cherubi","2018-11-20 00:00:00","2018-11-20 00:00:00"
"421","櫻花兒","チェリム","Cherrim","2018-11-20 00:00:00","2018-11-20 00:00:00"
"422","無殼海兔","カラナクシ","Shellos","2018-11-20 00:00:00","2018-11-20 00:00:00"
"423","海兔獸","トリトドン","Gastrodon","2018-11-20 00:00:00","2018-11-20 00:00:00"
"424","雙尾怪手","エテボース","Ambipom","2018-11-20 00:00:00","2018-11-20 00:00:00"
"425","飄飄球","フワンテ","Drifloon","2018-11-20 00:00:00","2018-11-20 00:00:00"
"426","隨風球","フワライド","Drifblim","2018-11-20 00:00:00","2018-11-20 00:00:00"
"427","卷卷耳","ミミロル","Buneary","2018-11-20 00:00:00","2018-11-20 00:00:00"
"428","長耳兔","ミミロップ","Lopunny","2018-11-20 00:00:00","2018-11-20 00:00:00"
"429","夢妖魔","ムウマージ","Mismagius","2018-11-20 00:00:00","2018-11-20 00:00:00"
"430","烏鴉頭頭","ドンカラス","Honchkrow","2018-11-20 00:00:00","2018-11-20 00:00:00"
"431","魅力喵","ニャルマー","Glameow","2018-11-20 00:00:00","2018-11-20 00:00:00"
"432","東施喵","ブニャット","Purugly","2018-11-20 00:00:00","2018-11-20 00:00:00"
"433","鈴鐺響","リーシャン","Chingling","2018-11-20 00:00:00","2018-11-20 00:00:00"
"434","臭鼬噗","スカンプー","Stunky","2018-11-20 00:00:00","2018-11-20 00:00:00"
"435","坦克臭鼬","スカタンク","Skuntank","2018-11-20 00:00:00","2018-11-20 00:00:00"
"436","銅鏡怪","ドーミラー","Bronzor","2018-11-20 00:00:00","2018-11-20 00:00:00"
"437","青銅鐘","ドータクン","Bronzong","2018-11-20 00:00:00","2018-11-20 00:00:00"
"438","盆才怪","ウソハチ","Bonsly","2018-11-20 00:00:00","2018-11-20 00:00:00"
"439","魔尼尼","マネネ","Mime-Jr","2018-11-20 00:00:00","2018-11-20 00:00:00"
"440","小福蛋","ピンプク","Happiny","2018-11-20 00:00:00","2018-11-20 00:00:00"
"441","聒噪鳥","ペラップ","Chatot","2018-11-20 00:00:00","2018-11-20 00:00:00"
"442","花岩怪","ミカルゲ","Spiritomb","2018-11-20 00:00:00","2018-11-20 00:00:00"
"443","圓陸鯊","フカマル","Gible","2018-11-20 00:00:00","2018-11-20 00:00:00"
"444","尖牙陸鯊","ガバイト","Gabite","2018-11-20 00:00:00","2018-11-20 00:00:00"
"445","烈咬陸鯊","ガブリアス","Garchomp","2018-11-20 00:00:00","2018-11-20 00:00:00"
"446","小卡比獸","ゴンベ","Munchlax","2018-11-20 00:00:00","2018-11-20 00:00:00"
"447","利歐路","リオル","Riolu","2018-11-20 00:00:00","2018-11-20 00:00:00"
"448","路卡利歐","ルカリオ","Lucario","2018-11-20 00:00:00","2018-11-20 00:00:00"
"449","沙河馬","ヒポポタス","Hippopotas","2018-11-20 00:00:00","2018-11-20 00:00:00"
"450","河馬獸","カバルドン","Hippowdon","2018-11-20 00:00:00","2018-11-20 00:00:00"
"451","鉗尾蠍","スコルピ","Skorupi","2018-11-20 00:00:00","2018-11-20 00:00:00"
"452","龍王蠍","ドラピオン","Drapion","2018-11-20 00:00:00","2018-11-20 00:00:00"
"453","不良蛙","グレッグル","Croagunk","2018-11-20 00:00:00","2018-11-20 00:00:00"
"454","毒骷蛙","ドクロッグ","Toxicroak","2018-11-20 00:00:00","2018-11-20 00:00:00"
"455","尖牙籠","マスキッパ","Carnivine","2018-11-20 00:00:00","2018-11-20 00:00:00"
"456","螢光魚","ケイコウオ","Finneon","2018-11-20 00:00:00","2018-11-20 00:00:00"
"457","霓虹魚","ネオラント","Lumineon","2018-11-20 00:00:00","2018-11-20 00:00:00"
"458","小球飛魚","タマンタ","Mantyke","2018-11-20 00:00:00","2018-11-20 00:00:00"
"459","雪笠怪","ユキカブリ","Snover","2018-11-20 00:00:00","2018-11-20 00:00:00"
"460","暴雪王","ユキノオー","Abomasnow","2018-11-20 00:00:00","2018-11-20 00:00:00"
"461","瑪狃拉","マニューラ","Weavile","2018-11-20 00:00:00","2018-11-20 00:00:00"
"462","自爆磁怪","ジバコイル","Magnezone","2018-11-20 00:00:00","2018-11-20 00:00:00"
"463","大舌舔","ベロベルト","Lickilicky","2018-11-20 00:00:00","2018-11-20 00:00:00"
"464","超甲狂犀","ドサイドン","Rhyperior","2018-11-20 00:00:00","2018-11-20 00:00:00"
"465","巨蔓藤","モジャンボ","Tangrowth","2018-11-20 00:00:00","2018-11-20 00:00:00"
"466","電擊魔獸","エレキブル","Electivire","2018-11-20 00:00:00","2018-11-20 00:00:00"
"467","鴨嘴炎獸","ブーバーン","Magmortar","2018-11-20 00:00:00","2018-11-20 00:00:00"
"468","波克基斯","トゲキッス","Togekiss","2018-11-20 00:00:00","2018-11-20 00:00:00"
"469","遠古巨蜓","メガヤンマ","Yanmega","2018-11-20 00:00:00","2018-11-20 00:00:00"
"470","葉伊布","リーフィア","Leafeon","2018-11-20 00:00:00","2018-11-20 00:00:00"
"471","冰伊布","グレイシア","Glaceon","2018-11-20 00:00:00","2018-11-20 00:00:00"
"472","天蠍王","グライオン","Gliscor","2018-11-20 00:00:00","2018-11-20 00:00:00"
"473","象牙豬","マンムー","Mamoswine","2018-11-20 00:00:00","2018-11-20 00:00:00"
"474","多邊獸Ｚ","ポリゴンＺ","Porygon-Z","2018-11-20 00:00:00","2018-11-20 00:00:00"
"475","艾路雷朵","エルレイド","Gallade","2018-11-20 00:00:00","2018-11-20 00:00:00"
"476","大朝北鼻","ダイノーズ","Probopass","2018-11-20 00:00:00","2018-11-20 00:00:00"
"477","黑夜魔靈","ヨノワール","Dusknoir","2018-11-20 00:00:00","2018-11-20 00:00:00"
"478","雪妖女","ユキメノコ","Froslass","2018-11-20 00:00:00","2018-11-20 00:00:00"
"479","洛托姆","ロトム","Rotom","2018-11-20 00:00:00","2018-11-20 00:00:00"
"480","由克希","ユクシー","Uxie","2018-11-20 00:00:00","2018-11-20 00:00:00"
"481","艾姆利多","エムリット","Mesprit","2018-11-20 00:00:00","2018-11-20 00:00:00"
"482","亞克諾姆","アグノム","Azelf","2018-11-20 00:00:00","2018-11-20 00:00:00"
"483","帝牙盧卡","ディアルガ","Dialga","2018-11-20 00:00:00","2018-11-20 00:00:00"
"484","帕路奇亞","パルキア","Palkia","2018-11-20 00:00:00","2018-11-20 00:00:00"
"485","席多藍恩","ヒードラン","Heatran","2018-11-20 00:00:00","2018-11-20 00:00:00"
"486","雷吉奇卡斯","レジギガス","Regigigas","2018-11-20 00:00:00","2018-11-20 00:00:00"
"487","騎拉帝納","ギラティナ","Giratina","2018-11-20 00:00:00","2018-11-20 00:00:00"
"488","克雷色利亞","クレセリア","Cresselia","2018-11-20 00:00:00","2018-11-20 00:00:00"
"489","霏歐納","フィオネ","Phione","2018-11-20 00:00:00","2018-11-20 00:00:00"
"490","瑪納霏","マナフィ","Manaphy","2018-11-20 00:00:00","2018-11-20 00:00:00"
"491","達克萊伊","ダークライ","Darkrai","2018-11-20 00:00:00","2018-11-20 00:00:00"
"492","謝米","シェイミ","Shaymin","2018-11-20 00:00:00","2018-11-20 00:00:00"
"493","阿爾宙斯","アルセウス","Arceus","2018-11-20 00:00:00","2018-11-20 00:00:00"
"494","比克提尼","ビクティニ","Victini","2018-11-20 00:00:00","2018-11-20 00:00:00"
"495","藤藤蛇","ツタージャ","Snivy","2018-11-20 00:00:00","2018-11-20 00:00:00"
"496","青藤蛇","ジャノビー","Servine","2018-11-20 00:00:00","2018-11-20 00:00:00"
"497","君主蛇","ジャローダ","Serperior","2018-11-20 00:00:00","2018-11-20 00:00:00"
"498","暖暖豬","ポカブ","Tepig","2018-11-20 00:00:00","2018-11-20 00:00:00"
"499","炒炒豬","チャオブー","Pignite","2018-11-20 00:00:00","2018-11-20 00:00:00"
"500","炎武王","エンブオー","Emboar","2018-11-20 00:00:00","2018-11-20 00:00:00"
"501","水水獺","ミジュマル","Oshawott","2018-11-20 00:00:00","2018-11-20 00:00:00"
"502","雙刃丸","フタチマル","Dewott","2018-11-20 00:00:00","2018-11-20 00:00:00"
"503","大劍鬼","ダイケンキ","Samurott","2018-11-20 00:00:00","2018-11-20 00:00:00"
"504","探探鼠","ミネズミ","Patrat","2018-11-20 00:00:00","2018-11-20 00:00:00"
"505","步哨鼠","ミルホッグ","Watchog","2018-11-20 00:00:00","2018-11-20 00:00:00"
"506","小約克","ヨーテリー","Lillipup","2018-11-20 00:00:00","2018-11-20 00:00:00"
"507","哈約克","ハーデリア","Herdier","2018-11-20 00:00:00","2018-11-20 00:00:00"
"508","長毛狗","ムーランド","Stoutland","2018-11-20 00:00:00","2018-11-20 00:00:00"
"509","扒手貓","チョロネコ","Purrloin","2018-11-20 00:00:00","2018-11-20 00:00:00"
"510","酷豹","レパルダス","Liepard","2018-11-20 00:00:00","2018-11-20 00:00:00"
"511","花椰猴","ヤナップ","Pansage","2018-11-20 00:00:00","2018-11-20 00:00:00"
"512","花椰猿","ヤナッキー","Simisage","2018-11-20 00:00:00","2018-11-20 00:00:00"
"513","爆香猴","バオップ","Pansear","2018-11-20 00:00:00","2018-11-20 00:00:00"
"514","爆香猿","バオッキー","Simisear","2018-11-20 00:00:00","2018-11-20 00:00:00"
"515","冷水猴","ヒヤップ","Panpour","2018-11-20 00:00:00","2018-11-20 00:00:00"
"516","冷水猿","ヒヤッキー","Simipour","2018-11-20 00:00:00","2018-11-20 00:00:00"
"517","食夢夢","ムンナ","Munna","2018-11-20 00:00:00","2018-11-20 00:00:00"
"518","夢夢蝕","ムシャーナ","Musharna","2018-11-20 00:00:00","2018-11-20 00:00:00"
"519","豆豆鴿","マメパト","Pidove","2018-11-20 00:00:00","2018-11-20 00:00:00"
"520","咕咕鴿","ハトーボー","Tranquill","2018-11-20 00:00:00","2018-11-20 00:00:00"
"521","高傲雉雞","ケンホロウ","Unfezant","2018-11-20 00:00:00","2018-11-20 00:00:00"
"522","斑斑馬","シママ","Blitzle","2018-11-20 00:00:00","2018-11-20 00:00:00"
"523","雷電斑馬","ゼブライカ","Zebstrika","2018-11-20 00:00:00","2018-11-20 00:00:00"
"524","石丸子","ダンゴロ","Roggenrola","2018-11-20 00:00:00","2018-11-20 00:00:00"
"525","地幔岩","ガントル","Boldore","2018-11-20 00:00:00","2018-11-20 00:00:00"
"526","龐岩怪","ギガイアス","Gigalith","2018-11-20 00:00:00","2018-11-20 00:00:00"
"527","滾滾蝙蝠","コロモリ","Woobat","2018-11-20 00:00:00","2018-11-20 00:00:00"
"528","心蝙蝠","ココロモリ","Swoobat","2018-11-20 00:00:00","2018-11-20 00:00:00"
"529","螺釘地鼠","モグリュー","Drilbur","2018-11-20 00:00:00","2018-11-20 00:00:00"
"530","龍頭地鼠","ドリュウズ","Excadrill","2018-11-20 00:00:00","2018-11-20 00:00:00"
"531","差不多娃娃","タブンネ","Audino","2018-11-20 00:00:00","2018-11-20 00:00:00"
"532","搬運小匠","ドッコラー","Timburr","2018-11-20 00:00:00","2018-11-20 00:00:00"
"533","鐵骨土人","ドテッコツ","Gurdurr","2018-11-20 00:00:00","2018-11-20 00:00:00"
"534","修建老匠","ローブシン","Conkeldurr","2018-11-20 00:00:00","2018-11-20 00:00:00"
"535","圓蝌蚪","オタマロ","Tympole","2018-11-20 00:00:00","2018-11-20 00:00:00"
"536","藍蟾蜍","ガマガル","Palpitoad","2018-11-20 00:00:00","2018-11-20 00:00:00"
"537","蟾蜍王","ガマゲロゲ","Seismitoad","2018-11-20 00:00:00","2018-11-20 00:00:00"
"538","投摔鬼","ナゲキ","Throh","2018-11-20 00:00:00","2018-11-20 00:00:00"
"539","打擊鬼","ダゲキ","Sawk","2018-11-20 00:00:00","2018-11-20 00:00:00"
"540","蟲寶包","クルミル","Sewaddle","2018-11-20 00:00:00","2018-11-20 00:00:00"
"541","寶包繭","クルマユ","Swadloon","2018-11-20 00:00:00","2018-11-20 00:00:00"
"542","保姆蟲","ハハコモリ","Leavanny","2018-11-20 00:00:00","2018-11-20 00:00:00"
"543","百足蜈蚣","フシデ","Venipede","2018-11-20 00:00:00","2018-11-20 00:00:00"
"544","車輪球","ホイーガ","Whirlipede","2018-11-20 00:00:00","2018-11-20 00:00:00"
"545","蜈蚣王","ペンドラー","Scolipede","2018-11-20 00:00:00","2018-11-20 00:00:00"
"546","木棉球","モンメン","Cottonee","2018-11-20 00:00:00","2018-11-20 00:00:00"
"547","風妖精","エルフーン","Whimsicott","2018-11-20 00:00:00","2018-11-20 00:00:00"
"548","百合根娃娃","チュリネ","Petilil","2018-11-20 00:00:00","2018-11-20 00:00:00"
"549","裙兒小姐","ドレディア","Lilligant","2018-11-20 00:00:00","2018-11-20 00:00:00"
"550","野蠻鱸魚","バスラオ","Basculin","2018-11-20 00:00:00","2018-11-20 00:00:00"
"551","黑眼鱷","メグロコ","Sandile","2018-11-20 00:00:00","2018-11-20 00:00:00"
"552","混混鱷","ワルビル","Krokorok","2018-11-20 00:00:00","2018-11-20 00:00:00"
"553","流氓鱷","ワルビアル","Krookodile","2018-11-20 00:00:00","2018-11-20 00:00:00"
"554","火紅不倒翁","ダルマッカ","Darumaka","2018-11-20 00:00:00","2018-11-20 00:00:00"
"555","達摩狒狒","ヒヒダルマ","Darmanitan","2018-11-20 00:00:00","2018-11-20 00:00:00"
"556","沙鈴仙人掌","マラカッチ","Maractus","2018-11-20 00:00:00","2018-11-20 00:00:00"
"557","石居蟹","イシズマイ","Dwebble","2018-11-20 00:00:00","2018-11-20 00:00:00"
"558","岩殿居蟹","イワパレス","Crustle","2018-11-20 00:00:00","2018-11-20 00:00:00"
"559","滑滑小子","ズルッグ","Scraggy","2018-11-20 00:00:00","2018-11-20 00:00:00"
"560","頭巾混混","ズルズキン","Scrafty","2018-11-20 00:00:00","2018-11-20 00:00:00"
"561","象徵鳥","シンボラー","Sigilyph","2018-11-20 00:00:00","2018-11-20 00:00:00"
"562","哭哭面具","デスマス","Yamask","2018-11-20 00:00:00","2018-11-20 00:00:00"
"563","死神棺","デスカーン","Cofagrigus","2018-11-20 00:00:00","2018-11-20 00:00:00"
"564","原蓋海龜","プロトーガ","Tirtouga","2018-11-20 00:00:00","2018-11-20 00:00:00"
"565","肋骨海龜","アバゴーラ","Carracosta","2018-11-20 00:00:00","2018-11-20 00:00:00"
"566","始祖小鳥","アーケン","Archen","2018-11-20 00:00:00","2018-11-20 00:00:00"
"567","始祖大鳥","アーケオス","Archeops","2018-11-20 00:00:00","2018-11-20 00:00:00"
"568","破破袋","ヤブクロン","Trubbish","2018-11-20 00:00:00","2018-11-20 00:00:00"
"569","灰塵山","ダストダス","Garbodor","2018-11-20 00:00:00","2018-11-20 00:00:00"
"570","索羅亞","ゾロア","Zorua","2018-11-20 00:00:00","2018-11-20 00:00:00"
"571","索羅亞克","ゾロアーク","Zoroark","2018-11-20 00:00:00","2018-11-20 00:00:00"
"572","泡沫栗鼠","チラーミィ","Minccino","2018-11-20 00:00:00","2018-11-20 00:00:00"
"573","奇諾栗鼠","チラチーノ","Cinccino","2018-11-20 00:00:00","2018-11-20 00:00:00"
"574","哥德寶寶","ゴチム","Gothita","2018-11-20 00:00:00","2018-11-20 00:00:00"
"575","哥德小童","ゴチミル","Gothorita","2018-11-20 00:00:00","2018-11-20 00:00:00"
"576","哥德小姐","ゴチルゼル","Gothitelle","2018-11-20 00:00:00","2018-11-20 00:00:00"
"577","單卵細胞球","ユニラン","Solosis","2018-11-20 00:00:00","2018-11-20 00:00:00"
"578","雙卵細胞球","ダブラン","Duosion","2018-11-20 00:00:00","2018-11-20 00:00:00"
"579","人造細胞卵","ランクルス","Reuniclus","2018-11-20 00:00:00","2018-11-20 00:00:00"
"580","鴨寶寶","コアルヒー","Ducklett","2018-11-20 00:00:00","2018-11-20 00:00:00"
"581","舞天鵝","スワンナ","Swanna","2018-11-20 00:00:00","2018-11-20 00:00:00"
"582","迷你冰","バニプッチ","Vanillite","2018-11-20 00:00:00","2018-11-20 00:00:00"
"583","多多冰","バニリッチ","Vanillish","2018-11-20 00:00:00","2018-11-20 00:00:00"
"584","雙倍多多冰","バイバニラ","Vanilluxe","2018-11-20 00:00:00","2018-11-20 00:00:00"
"585","四季鹿","シキジカ","Deerling","2018-11-20 00:00:00","2018-11-20 00:00:00"
"586","萌芽鹿","メブキジカ","Sawsbuck","2018-11-20 00:00:00","2018-11-20 00:00:00"
"587","電飛鼠","エモンガ","Emolga","2018-11-20 00:00:00","2018-11-20 00:00:00"
"588","蓋蓋蟲","カブルモ","Karrablast","2018-11-20 00:00:00","2018-11-20 00:00:00"
"589","騎士蝸牛","シュバルゴ","Escavalier","2018-11-20 00:00:00","2018-11-20 00:00:00"
"590","哎呀球菇","タマゲタケ","Foongus","2018-11-20 00:00:00","2018-11-20 00:00:00"
"591","敗露球菇","モロバレル","Amoonguss","2018-11-20 00:00:00","2018-11-20 00:00:00"
"592","輕飄飄","プルリル","Frillish","2018-11-20 00:00:00","2018-11-20 00:00:00"
"593","胖嘟嘟","ブルンゲル","Jellicent","2018-11-20 00:00:00","2018-11-20 00:00:00"
"594","保姆曼波","ママンボウ","Alomomola","2018-11-20 00:00:00","2018-11-20 00:00:00"
"595","電電蟲","バチュル","Joltik","2018-11-20 00:00:00","2018-11-20 00:00:00"
"596","電蜘蛛","デンチュラ","Galvantula","2018-11-20 00:00:00","2018-11-20 00:00:00"
"597","種子鐵球","テッシード","Ferroseed","2018-11-20 00:00:00","2018-11-20 00:00:00"
"598","堅果啞鈴","ナットレイ","Ferrothorn","2018-11-20 00:00:00","2018-11-20 00:00:00"
"599","齒輪兒","ギアル","Klink","2018-11-20 00:00:00","2018-11-20 00:00:00"
"600","齒輪組","ギギアル","Klang","2018-11-20 00:00:00","2018-11-20 00:00:00"
"601","齒輪怪","ギギギアル","Klinklang","2018-11-20 00:00:00","2018-11-20 00:00:00"
"602","麻麻小魚","シビシラス","Tynamo","2018-11-20 00:00:00","2018-11-20 00:00:00"
"603","麻麻鰻","シビビール","Eelektrik","2018-11-20 00:00:00","2018-11-20 00:00:00"
"604","麻麻鰻魚王","シビルドン","Eelektross","2018-11-20 00:00:00","2018-11-20 00:00:00"
"605","小灰怪","リグレー","Elgyem","2018-11-20 00:00:00","2018-11-20 00:00:00"
"606","大宇怪","オーベム","Beheeyem","2018-11-20 00:00:00","2018-11-20 00:00:00"
"607","燭光靈","ヒトモシ","Litwick","2018-11-20 00:00:00","2018-11-20 00:00:00"
"608","燈火幽靈","ランプラー","Lampent","2018-11-20 00:00:00","2018-11-20 00:00:00"
"609","水晶燈火靈","シャンデラ","Chandelure","2018-11-20 00:00:00","2018-11-20 00:00:00"
"610","牙牙","キバゴ","Axew","2018-11-20 00:00:00","2018-11-20 00:00:00"
"611","斧牙龍","オノンド","Fraxure","2018-11-20 00:00:00","2018-11-20 00:00:00"
"612","雙斧戰龍","オノノクス","Haxorus","2018-11-20 00:00:00","2018-11-20 00:00:00"
"613","噴嚏熊","クマシュン","Cubchoo","2018-11-20 00:00:00","2018-11-20 00:00:00"
"614","凍原熊","ツンベアー","Beartic","2018-11-20 00:00:00","2018-11-20 00:00:00"
"615","幾何雪花","フリージオ","Cryogonal","2018-11-20 00:00:00","2018-11-20 00:00:00"
"616","小嘴蝸","チョボマキ","Shelmet","2018-11-20 00:00:00","2018-11-20 00:00:00"
"617","敏捷蟲","アギルダー","Accelgor","2018-11-20 00:00:00","2018-11-20 00:00:00"
"618","泥巴魚","マッギョ","Stunfisk","2018-11-20 00:00:00","2018-11-20 00:00:00"
"619","功夫鼬","コジョフー","Mienfoo","2018-11-20 00:00:00","2018-11-20 00:00:00"
"620","師父鼬","コジョンド","Mienshao","2018-11-20 00:00:00","2018-11-20 00:00:00"
"621","赤面龍","クリムガン","Druddigon","2018-11-20 00:00:00","2018-11-20 00:00:00"
"622","泥偶小人","ゴビット","Golett","2018-11-20 00:00:00","2018-11-20 00:00:00"
"623","泥偶巨人","ゴルーグ","Golurk","2018-11-20 00:00:00","2018-11-20 00:00:00"
"624","駒刀小兵","コマタナ","Pawniard","2018-11-20 00:00:00","2018-11-20 00:00:00"
"625","劈斬司令","キリキザン","Bisharp","2018-11-20 00:00:00","2018-11-20 00:00:00"
"626","爆炸頭水牛","バッフロン","Bouffalant","2018-11-20 00:00:00","2018-11-20 00:00:00"
"627","毛頭小鷹","ワシボン","Rufflet","2018-11-20 00:00:00","2018-11-20 00:00:00"
"628","勇士雄鷹","ウォーグル","Braviary","2018-11-20 00:00:00","2018-11-20 00:00:00"
"629","禿鷹丫頭","バルチャイ","Vullaby","2018-11-20 00:00:00","2018-11-20 00:00:00"
"630","禿鷹娜","バルジーナ","Mandibuzz","2018-11-20 00:00:00","2018-11-20 00:00:00"
"631","熔蟻獸","クイタラン","Heatmor","2018-11-20 00:00:00","2018-11-20 00:00:00"
"632","鐵蟻","アイアント","Durant","2018-11-20 00:00:00","2018-11-20 00:00:00"
"633","單首龍","モノズ","Deino","2018-11-20 00:00:00","2018-11-20 00:00:00"
"634","雙首暴龍","ジヘッド","Zweilous","2018-11-20 00:00:00","2018-11-20 00:00:00"
"635","三首惡龍","サザンドラ","Hydreigon","2018-11-20 00:00:00","2018-11-20 00:00:00"
"636","燃燒蟲","メラルバ","Larvesta","2018-11-20 00:00:00","2018-11-20 00:00:00"
"637","火神蛾","ウルガモス","Volcarona","2018-11-20 00:00:00","2018-11-20 00:00:00"
"638","勾帕路翁","コバルオン","Cobalion","2018-11-20 00:00:00","2018-11-20 00:00:00"
"639","代拉基翁","テラキオン","Terrakion","2018-11-20 00:00:00","2018-11-20 00:00:00"
"640","畢力吉翁","ビリジオン","Virizion","2018-11-20 00:00:00","2018-11-20 00:00:00"
"641","龍卷雲","トルネロス","Tornadus","2018-11-20 00:00:00","2018-11-20 00:00:00"
"642","雷電雲","ボルトロス","Thundurus","2018-11-20 00:00:00","2018-11-20 00:00:00"
"643","萊希拉姆","レシラム","Reshiram","2018-11-20 00:00:00","2018-11-20 00:00:00"
"644","捷克羅姆","ゼクロム","Zekrom","2018-11-20 00:00:00","2018-11-20 00:00:00"
"645","土地雲","ランドロス","Landorus","2018-11-20 00:00:00","2018-11-20 00:00:00"
"646","酋雷姆","キュレム","Kyurem","2018-11-20 00:00:00","2018-11-20 00:00:00"
"647","凱路迪歐","ケルディオ","Keldeo","2018-11-20 00:00:00","2018-11-20 00:00:00"
"648","美洛耶塔","メロエッタ","Meloetta","2018-11-20 00:00:00","2018-11-20 00:00:00"
"649","蓋諾賽克特","ゲノセクト","Genesect","2018-11-20 00:00:00","2018-11-20 00:00:00"
"650","哈力栗","ハリマロン","Chespin","2018-11-20 00:00:00","2018-11-20 00:00:00"
"651","胖胖哈力","ハリボーグ","Quilladin","2018-11-20 00:00:00","2018-11-20 00:00:00"
"652","布里卡隆","ブリガロン","Chesnaught","2018-11-20 00:00:00","2018-11-20 00:00:00"
"653","火狐狸","フォッコ","Fennekin","2018-11-20 00:00:00","2018-11-20 00:00:00"
"654","長尾火狐","テールナー","Braixen","2018-11-20 00:00:00","2018-11-20 00:00:00"
"655","妖火紅狐","マフォクシー","Delphox","2018-11-20 00:00:00","2018-11-20 00:00:00"
"656","呱呱泡蛙","ケロマツ","Froakie","2018-11-20 00:00:00","2018-11-20 00:00:00"
"657","呱頭蛙","ゲコガシラ","Frogadier","2018-11-20 00:00:00","2018-11-20 00:00:00"
"658","甲賀忍蛙","ゲッコウガ","Greninja","2018-11-20 00:00:00","2018-11-20 00:00:00"
"659","掘掘兔","ホルビー","Bunnelby","2018-11-20 00:00:00","2018-11-20 00:00:00"
"660","掘地兔","ホルード","Diggersby","2018-11-20 00:00:00","2018-11-20 00:00:00"
"661","小箭雀","ヤヤコマ","Fletchling","2018-11-20 00:00:00","2018-11-20 00:00:00"
"662","火箭雀","ヒノヤコマ","Fletchinder","2018-11-20 00:00:00","2018-11-20 00:00:00"
"663","烈箭鷹","ファイアロー","Talonflame","2018-11-20 00:00:00","2018-11-20 00:00:00"
"664","粉蝶蟲","コフキムシ","Scatterbug","2018-11-20 00:00:00","2018-11-20 00:00:00"
"665","粉蝶蛹","コフーライ","Spewpa","2018-11-20 00:00:00","2018-11-20 00:00:00"
"666","彩粉蝶","ビビヨン","Vivillon","2018-11-20 00:00:00","2018-11-20 00:00:00"
"667","小獅獅","シシコ","Litleo","2018-11-20 00:00:00","2018-11-20 00:00:00"
"668","火炎獅","カエンジシ","Pyroar","2018-11-20 00:00:00","2018-11-20 00:00:00"
"669","花蓓蓓","フラベベ","Flabebe","2018-11-20 00:00:00","2018-11-20 00:00:00"
"670","花葉蒂","フラエッテ","Floette","2018-11-20 00:00:00","2018-11-20 00:00:00"
"671","花潔夫人","フラージェス","Florges","2018-11-20 00:00:00","2018-11-20 00:00:00"
"672","坐騎小羊","メェークル","Skiddo","2018-11-20 00:00:00","2018-11-20 00:00:00"
"673","坐騎山羊","ゴーゴート","Gogoat","2018-11-20 00:00:00","2018-11-20 00:00:00"
"674","頑皮熊貓","ヤンチャム","Pancham","2018-11-20 00:00:00","2018-11-20 00:00:00"
"675","流氓熊貓","ゴロンダ","Pangoro","2018-11-20 00:00:00","2018-11-20 00:00:00"
"676","多麗米亞","トリミアン","Furfrou","2018-11-20 00:00:00","2018-11-20 00:00:00"
"677","妙喵","ニャスパー","Espurr","2018-11-20 00:00:00","2018-11-20 00:00:00"
"678","超能妙喵","ニャオニクス","Meowstic","2018-11-20 00:00:00","2018-11-20 00:00:00"
"679","獨劍鞘","ヒトツキ","Honedge","2018-11-20 00:00:00","2018-11-20 00:00:00"
"680","雙劍鞘","ニダンギル","Doublade","2018-11-20 00:00:00","2018-11-20 00:00:00"
"681","堅盾劍怪","ギルガルド","Aegislash","2018-11-20 00:00:00","2018-11-20 00:00:00"
"682","粉香香","シュシュプ","Spritzee","2018-11-20 00:00:00","2018-11-20 00:00:00"
"683","芳香精","フレフワン","Aromatisse","2018-11-20 00:00:00","2018-11-20 00:00:00"
"684","綿綿泡芙","ペロッパフ","Swirlix","2018-11-20 00:00:00","2018-11-20 00:00:00"
"685","胖甜妮","ペロリーム","Slurpuff","2018-11-20 00:00:00","2018-11-20 00:00:00"
"686","好啦魷","マーイーカ","Inkay","2018-11-20 00:00:00","2018-11-20 00:00:00"
"687","烏賊王","カラマネロ","Malamar","2018-11-20 00:00:00","2018-11-20 00:00:00"
"688","龜腳腳","カメテテ","Binacle","2018-11-20 00:00:00","2018-11-20 00:00:00"
"689","龜足巨鎧","ガメノデス","Barbaracle","2018-11-20 00:00:00","2018-11-20 00:00:00"
"690","垃垃藻","クズモー","Skrelp","2018-11-20 00:00:00","2018-11-20 00:00:00"
"691","毒藻龍","ドラミドロ","Dragalge","2018-11-20 00:00:00","2018-11-20 00:00:00"
"692","鐵臂槍蝦","ウデッポウ","Clauncher","2018-11-20 00:00:00","2018-11-20 00:00:00"
"693","鋼炮臂蝦","ブロスター","Clawitzer","2018-11-20 00:00:00","2018-11-20 00:00:00"
"694","傘電蜥","エリキテル","Helioptile","2018-11-20 00:00:00","2018-11-20 00:00:00"
"695","光電傘蜥","エレザード","Heliolisk","2018-11-20 00:00:00","2018-11-20 00:00:00"
"696","寶寶暴龍","チゴラス","Tyrunt","2018-11-20 00:00:00","2018-11-20 00:00:00"
"697","怪顎龍","ガチゴラス","Tyrantrum","2018-11-20 00:00:00","2018-11-20 00:00:00"
"698","冰雪龍","アマルス","Amaura","2018-11-20 00:00:00","2018-11-20 00:00:00"
"699","冰雪巨龍","アマルルガ","Aurorus","2018-11-20 00:00:00","2018-11-20 00:00:00"
"700","仙子伊布","ニンフィア","Sylveon","2018-11-20 00:00:00","2018-11-20 00:00:00"
"701","摔角鷹人","ルチャブル","Hawlucha","2018-11-20 00:00:00","2018-11-20 00:00:00"
"702","咚咚鼠","デデンネ","Dedenne","2018-11-20 00:00:00","2018-11-20 00:00:00"
"703","小碎鑽","メレシー","Carbink","2018-11-20 00:00:00","2018-11-20 00:00:00"
"704","黏黏寶","ヌメラ","Goomy","2018-11-20 00:00:00","2018-11-20 00:00:00"
"705","黏美兒","ヌメイル","Sliggoo","2018-11-20 00:00:00","2018-11-20 00:00:00"
"706","黏美龍","ヌメルゴン","Goodra","2018-11-20 00:00:00","2018-11-20 00:00:00"
"707","鑰圈兒","クレッフィ","Klefki","2018-11-20 00:00:00","2018-11-20 00:00:00"
"708","小木靈","ボクレー","Phantump","2018-11-20 00:00:00","2018-11-20 00:00:00"
"709","朽木妖","オーロット","Trevenant","2018-11-20 00:00:00","2018-11-20 00:00:00"
"710","南瓜精","バケッチャ","Pumpkaboo","2018-11-20 00:00:00","2018-11-20 00:00:00"
"711","南瓜怪人","パンプジン","Gourgeist","2018-11-20 00:00:00","2018-11-20 00:00:00"
"712","冰寶","カチコール","Bergmite","2018-11-20 00:00:00","2018-11-20 00:00:00"
"713","冰岩怪","クレベース","Avalugg","2018-11-20 00:00:00","2018-11-20 00:00:00"
"714","嗡蝠","オンバット","Noibat","2018-11-20 00:00:00","2018-11-20 00:00:00"
"715","音波龍","オンバーン","Noivern","2018-11-20 00:00:00","2018-11-20 00:00:00"
"716","哲爾尼亞斯","ゼルネアス","Xerneas","2018-11-20 00:00:00","2018-11-20 00:00:00"
"717","伊裴爾塔爾","イベルタル","Yveltal","2018-11-20 00:00:00","2018-11-20 00:00:00"
"718","基格爾德","ジガルデ","Zygarde","2018-11-20 00:00:00","2018-11-20 00:00:00"
"719","蒂安希","ディアンシー","Diancie","2018-11-20 00:00:00","2018-11-20 00:00:00"
"720","胡帕","フーパ","Hoopa","2018-11-20 00:00:00","2018-11-20 00:00:00"
"721","波爾凱尼恩","ボルケニオン","Volcanion","2018-11-20 00:00:00","2018-11-20 00:00:00"
"722","木木梟","モクロー","Rowlet","2018-11-20 00:00:00","2018-11-20 00:00:00"
"723","投羽梟","フクスロー","Dartrix","2018-11-20 00:00:00","2018-11-20 00:00:00"
"724","狙射樹梟","ジュナイパー","Decidueye","2018-11-20 00:00:00","2018-11-20 00:00:00"
"725","火斑喵","ニャビー","Litten","2018-11-20 00:00:00","2018-11-20 00:00:00"
"726","炎熱喵","ニャヒート","Torracat","2018-11-20 00:00:00","2018-11-20 00:00:00"
"727","熾焰咆哮虎","ガオガエン","Incineroar","2018-11-20 00:00:00","2018-11-20 00:00:00"
"728","球球海獅","アシマリ","Popplio","2018-11-20 00:00:00","2018-11-20 00:00:00"
"729","花漾海獅","オシャマリ","Brionne","2018-11-20 00:00:00","2018-11-20 00:00:00"
"730","西獅海壬","アシレーヌ","Primarina","2018-11-20 00:00:00","2018-11-20 00:00:00"
"731","小篤兒","ツツケラ","Pikipek","2018-11-20 00:00:00","2018-11-20 00:00:00"
"732","喇叭啄鳥","ケララッパ","Trumbeak","2018-11-20 00:00:00","2018-11-20 00:00:00"
"733","銃嘴大鳥","ドデカバシ","Toucannon","2018-11-20 00:00:00","2018-11-20 00:00:00"
"734","貓鼬少","ヤングース","Yungoos","2018-11-20 00:00:00","2018-11-20 00:00:00"
"735","貓鼬探長","デカグース","Gumshoos","2018-11-20 00:00:00","2018-11-20 00:00:00"
"736","強顎雞母蟲","アゴジムシ","Grubbin","2018-11-20 00:00:00","2018-11-20 00:00:00"
"737","蟲電寶","デンヂムシ","Charjabug","2018-11-20 00:00:00","2018-11-20 00:00:00"
"738","鍬農炮蟲","クワガノン","Vikavolt","2018-11-20 00:00:00","2018-11-20 00:00:00"
"739","好勝蟹","マケンカニ","Crabrawler","2018-11-20 00:00:00","2018-11-20 00:00:00"
"740","好勝毛蟹","ケケンカニ","Crabominable","2018-11-20 00:00:00","2018-11-20 00:00:00"
"741","花舞鳥","オドリドリ","Oricorio","2018-11-20 00:00:00","2018-11-20 00:00:00"
"742","萌虻","アブリー","Cutiefly","2018-11-20 00:00:00","2018-11-20 00:00:00"
"743","蝶結萌虻","アブリボン","Ribombee","2018-11-20 00:00:00","2018-11-20 00:00:00"
"744","岩狗狗","イワンコ","Rockruff","2018-11-20 00:00:00","2018-11-20 00:00:00"
"745","鬃岩狼人","ルガルガン","Lycanroc","2018-11-20 00:00:00","2018-11-20 00:00:00"
"746","弱丁魚","ヨワシ","Wishiwashi","2018-11-20 00:00:00","2018-11-20 00:00:00"
"747","好壞星","ヒドイデ","Mareanie","2018-11-20 00:00:00","2018-11-20 00:00:00"
"748","超壞星","ドヒドイデ","Toxapex","2018-11-20 00:00:00","2018-11-20 00:00:00"
"749","泥驢仔","ドロバンコ","Mudbray","2018-11-20 00:00:00","2018-11-20 00:00:00"
"750","重泥挽馬","バンバドロ","Mudsdale","2018-11-20 00:00:00","2018-11-20 00:00:00"
"751","滴蛛","シズクモ","Dewpider","2018-11-20 00:00:00","2018-11-20 00:00:00"
"752","滴蛛霸","オニシズクモ","Araquanid","2018-11-20 00:00:00","2018-11-20 00:00:00"
"753","偽螳草","カリキリ","Fomantis","2018-11-20 00:00:00","2018-11-20 00:00:00"
"754","蘭螳花","ラランテス","Lurantis","2018-11-20 00:00:00","2018-11-20 00:00:00"
"755","睡睡菇","ネマシュ","Morelull","2018-11-20 00:00:00","2018-11-20 00:00:00"
"756","燈罩夜菇","マシェード","Shiinotic","2018-11-20 00:00:00","2018-11-20 00:00:00"
"757","夜盜火蜥","ヤトウモリ","Salandit","2018-11-20 00:00:00","2018-11-20 00:00:00"
"758","焰後蜥","エンニュート","Salazzle","2018-11-20 00:00:00","2018-11-20 00:00:00"
"759","童偶熊","ヌイコグマ","Stufful","2018-11-20 00:00:00","2018-11-20 00:00:00"
"760","穿著熊","キテルグマ","Bewear","2018-11-20 00:00:00","2018-11-20 00:00:00"
"761","甜竹竹","アマカジ","Bounsweet","2018-11-20 00:00:00","2018-11-20 00:00:00"
"762","甜舞妮","アママイコ","Steenee","2018-11-20 00:00:00","2018-11-20 00:00:00"
"763","甜冷美後","アマージョ","Tsareena","2018-11-20 00:00:00","2018-11-20 00:00:00"
"764","花療環環","キュワワー","Comfey","2018-11-20 00:00:00","2018-11-20 00:00:00"
"765","智揮猩","ヤレユータン","Oranguru","2018-11-20 00:00:00","2018-11-20 00:00:00"
"766","投擲猴","ナゲツケサル","Passimian","2018-11-20 00:00:00","2018-11-20 00:00:00"
"767","膽小蟲","コソクムシ","Wimpod","2018-11-20 00:00:00","2018-11-20 00:00:00"
"768","具甲武者","グソクムシャ","Golisopod","2018-11-20 00:00:00","2018-11-20 00:00:00"
"769","沙丘娃","スナバァ","Sandygast","2018-11-20 00:00:00","2018-11-20 00:00:00"
"770","噬沙堡爺","シロデスナ","Palossand","2018-11-20 00:00:00","2018-11-20 00:00:00"
"771","拳海參","ナマコブシ","Pyukumuku","2018-11-20 00:00:00","2018-11-20 00:00:00"
"772","屬性：空","タイプ：ヌル","Type-Null","2018-11-20 00:00:00","2018-11-20 00:00:00"
"773","銀伴戰獸","シルヴァディ","Silvally","2018-11-20 00:00:00","2018-11-20 00:00:00"
"774","小隕星","メテノ","Minior","2018-11-20 00:00:00","2018-11-20 00:00:00"
"775","樹枕尾熊","ネッコアラ","Komala","2018-11-20 00:00:00","2018-11-20 00:00:00"
"776","爆焰龜獸","バクガメス","Turtonator","2018-11-20 00:00:00","2018-11-20 00:00:00"
"777","托戈德瑪爾","トゲデマル","Togedemaru","2018-11-20 00:00:00","2018-11-20 00:00:00"
"778","謎擬Ｑ","ミミッキュ","Mimikyu","2018-11-20 00:00:00","2018-11-20 00:00:00"
"779","磨牙彩皮魚","ハギギシリ","Bruxish","2018-11-20 00:00:00","2018-11-20 00:00:00"
"780","老翁龍","ジジーロン","Drampa","2018-11-20 00:00:00","2018-11-20 00:00:00"
"781","破破舵輪","ダダリン","Dhelmise","2018-11-20 00:00:00","2018-11-20 00:00:00"
"782","心鱗寶","ジャラコ","Jangmo-o","2018-11-20 00:00:00","2018-11-20 00:00:00"
"783","鱗甲龍","ジャランゴ","Hakamo-o","2018-11-20 00:00:00","2018-11-20 00:00:00"
"784","杖尾鱗甲龍","ジャラランガ","Kommo-o","2018-11-20 00:00:00","2018-11-20 00:00:00"
"785","卡璞・鳴鳴","カプ・コケコ","Tapu-Koko","2018-11-20 00:00:00","2018-11-20 00:00:00"
"786","卡璞・蝶蝶","カプ・テテフ","Tapu-Lele","2018-11-20 00:00:00","2018-11-20 00:00:00"
"787","卡璞・哞哞","カプ・ブルル","Tapu-Bulu","2018-11-20 00:00:00","2018-11-20 00:00:00"
"788","卡璞・鰭鰭","カプ・レヒレ","Tapu-Fini","2018-11-20 00:00:00","2018-11-20 00:00:00"
"789","科斯莫古","コスモッグ","Cosmog","2018-11-20 00:00:00","2018-11-20 00:00:00"
"790","科斯莫姆","コスモウム","Cosmoem","2018-11-20 00:00:00","2018-11-20 00:00:00"
"791","索爾迦雷歐","ソルガレオ","Solgaleo","2018-11-20 00:00:00","2018-11-20 00:00:00"
"792","露奈雅拉","ルナアーラ","Lunala","2018-11-20 00:00:00","2018-11-20 00:00:00"
"793","虛吾伊德","ウツロイド","Nihilego","2018-11-20 00:00:00","2018-11-20 00:00:00"
"794","爆肌蚊","マッシブーン","Buzzwole","2018-11-20 00:00:00","2018-11-20 00:00:00"
"795","費洛美螂","フェローチェ","Pheromosa","2018-11-20 00:00:00","2018-11-20 00:00:00"
"796","電束木","デンジュモク","Xurkitree","2018-11-20 00:00:00","2018-11-20 00:00:00"
"797","鐵火輝夜","テッカグヤ","Celesteela","2018-11-20 00:00:00","2018-11-20 00:00:00"
"798","紙御劍","カミツルギ","Kartana","2018-11-20 00:00:00","2018-11-20 00:00:00"
"799","惡食大王","アクジキング","Guzzlord","2018-11-20 00:00:00","2018-11-20 00:00:00"
"800","奈克洛茲瑪","ネクロズマ","Necrozma","2018-11-20 00:00:00","2018-11-20 00:00:00"
"801","瑪機雅娜","マギアナ","Magearna","2018-11-20 00:00:00","2018-11-20 00:00:00"
"802","瑪夏多","マーシャドー","Marshadow","2018-11-20 00:00:00","2018-11-20 00:00:00"
"803","毒貝比","ベベノム","Poipole","2018-11-20 00:00:00","2018-11-20 00:00:00"
"804","四顎針龍","アーゴヨン","Naganadel","2018-11-20 00:00:00","2018-11-20 00:00:00"
"805","壘磊石","ツンデツンデ","Stakataka","2018-11-20 00:00:00","2018-11-20 00:00:00"
"806","砰頭小丑","ズガドーン","Blacephalon","2018-11-20 00:00:00","2018-11-20 00:00:00"
"807","捷拉奧拉","ゼラオラ","Zeraora","2018-11-20 00:00:00","2018-11-20 00:00:00"
